{
  "rf_cv_mean": {
    "accuracy": 0.79915295971634,
    "precision": 0.7480275580784782,
    "recall": 0.7214814814814815,
    "f1": 0.7338302058985137
  },
  "lr_cv_mean": {
    "accuracy": 0.8019797104304146,
    "precision": 0.7651998415527828,
    "recall": 0.6997306397306398,
    "f1": 0.7301078941445914
  },
  "metrics_rf": {
    "accuracy": 0.8044692737430168,
    "precision": 0.765625,
    "recall": 0.7101449275362319,
    "f1": 0.736842105263158,
    "confusion_matrix": [
      [
        95,
        15
      ],
      [
        20,
        49
      ]
    ],
    "classification_report": {
      "0": {
        "precision": 0.8260869565217391,
        "recall": 0.8636363636363636,
        "f1-score": 0.8444444444444444,
        "support": 110
      },
      "1": {
        "precision": 0.765625,
        "recall": 0.7101449275362319,
        "f1-score": 0.736842105263158,
        "support": 69
      },
      "accuracy": 0.8044692737430168,
      "macro avg": {
        "precision": 0.7958559782608696,
        "recall": 0.7868906455862978,
        "f1-score": 0.7906432748538013,
        "support": 179
      },
      "weighted avg": {
        "precision": 0.8027803922759291,
        "recall": 0.8044692737430168,
        "f1-score": 0.8029664477767976,
        "support": 179
      }
    }
  },
  "metrics_lr": {
    "accuracy": 0.8044692737430168,
    "precision": 0.7931034482758621,
    "recall": 0.6666666666666666,
    "f1": 0.7244094488188977,
    "confusion_matrix": [
      [
        98,
        12
      ],
      [
        23,
        46
      ]
    ],
    "classification_report": {
      "0": {
        "precision": 0.8099173553719008,
        "recall": 0.8909090909090909,
        "f1-score": 0.8484848484848484,
        "support": 110
      },
      "1": {
        "precision": 0.7931034482758621,
        "recall": 0.6666666666666666,
        "f1-score": 0.7244094488188977,
        "support": 69
      },
      "accuracy": 0.8044692737430168,
      "macro avg": {
        "precision": 0.8015104018238814,
        "recall": 0.7787878787878788,
        "f1-score": 0.786447148651873,
        "support": 179
      },
      "weighted avg": {
        "precision": 0.8034360168823663,
        "recall": 0.8044692737430168,
        "f1-score": 0.8006569011275825,
        "support": 179
      }
    }
  },
  "best_model": "random_forest"
}